DateTime,RealPower
2015-01-21 00:00:00,0.004
2015-01-21 00:15:00,0.008
2015-01-21 00:30:00,0.006
2015-01-21 00:45:00,0.005
2015-01-21 01:00:00,0.005
2015-01-21 01:15:00,0.005
2015-01-21 01:30:00,0.005
2015-01-21 01:45:00,0.006
2015-01-21 02:00:00,0.006
2015-01-21 02:15:00,0.003
2015-01-21 02:30:00,0.004
2015-01-21 02:45:00,0.002
2015-01-21 03:00:00,0.004
2015-01-21 03:15:00,0.004
2015-01-21 03:30:00,0.004
2015-01-21 03:45:00,0.003
2015-01-21 04:00:00,0.003
2015-01-21 04:15:00,0.004
2015-01-21 04:30:00,0.005
2015-01-21 04:45:00,0.005
2015-01-21 05:00:00,0.006
2015-01-21 05:15:00,0.004
2015-01-21 05:30:00,0.006
2015-01-21 05:45:00,0.006
2015-01-21 06:00:00,0.003
2015-01-21 06:15:00,0.001
2015-01-21 06:30:00,0.002
2015-01-21 07:00:00,-0.073
2015-01-21 07:15:00,0.344
2015-01-21 07:30:00,2.526
2015-01-21 07:45:00,7.067
2015-01-21 08:00:00,12.123
2015-01-21 08:15:00,15.009
2015-01-21 08:30:00,18.281
2015-01-21 08:45:00,28.451
2015-01-21 09:00:00,38.826
2015-01-21 09:15:00,41.956
2015-01-21 09:30:00,45.214
2015-01-21 09:45:00,68.61
2015-01-21 10:00:00,93.573
2015-01-21 10:15:00,97.098
2015-01-21 10:30:00,108.028
2015-01-21 10:45:00,115.73
2015-01-21 11:00:00,119.738
2015-01-21 11:15:00,123.858
2015-01-21 11:30:00,127.365
2015-01-21 11:45:00,129.82
2015-01-21 12:00:00,131.167
2015-01-21 12:15:00,132.32299999999998
2015-01-21 12:30:00,132.038
2015-01-21 12:45:00,130.444
2015-01-21 13:00:00,127.832
2015-01-21 13:15:00,124.528
2015-01-21 13:30:00,120.012
2015-01-21 13:45:00,115.829
2015-01-21 14:00:00,110.451
2015-01-21 14:15:00,104.356
2015-01-21 14:30:00,97.887
2015-01-21 14:45:00,89.16399999999999
2015-01-21 15:00:00,79.5
2015-01-21 15:15:00,67.914
2015-01-21 15:30:00,54.788
2015-01-21 15:45:00,40.655
2015-01-21 16:00:00,27.968
2015-01-21 16:15:00,17.866
2015-01-21 16:30:00,9.873
2015-01-21 16:45:00,4.292
2015-01-21 17:00:00,0.992
2015-01-21 17:15:00,-0.136
2015-01-21 17:30:00,-0.188
2015-01-21 17:45:00,0.006
2015-01-21 18:00:00,0.004
2015-01-21 18:15:00,0.005
2015-01-21 18:30:00,0.005
2015-01-21 18:45:00,0.008
2015-01-21 19:00:00,0.008
2015-01-21 19:15:00,0.007
2015-01-21 19:30:00,0.007
2015-01-21 19:45:00,0.008
2015-01-21 20:00:00,0.005
2015-01-21 20:15:00,0.007
2015-01-21 20:30:00,0.007
2015-01-21 20:45:00,0.004
2015-01-21 21:00:00,0.002
2015-01-21 21:15:00,0.003
2015-01-21 21:30:00,0.005
2015-01-21 21:45:00,0.002
2015-01-21 22:00:00,0.005
2015-01-21 22:15:00,0.004
2015-01-21 22:30:00,0.006
2015-01-21 22:45:00,0.002
2015-01-21 23:00:00,0.003
2015-01-21 23:15:00,0.003
2015-01-21 23:30:00,0.005
2015-01-21 23:45:00,0.004
2015-01-22 00:00:00,0.002
2015-01-22 00:15:00,0.01
2015-01-22 00:30:00,0.004
2015-01-22 00:45:00,0.004
2015-01-22 01:00:00,0.005
2015-01-22 01:15:00,0.002
2015-01-22 01:30:00,0.007
2015-01-22 01:45:00,0.006
2015-01-22 02:00:00,0.007
2015-01-22 02:15:00,0.005
2015-01-22 02:30:00,0.003
2015-01-22 02:45:00,0.004
2015-01-22 03:00:00,0.003
2015-01-22 03:15:00,0.005
2015-01-22 03:30:00,0.003
2015-01-22 03:45:00,0.003
2015-01-22 04:00:00,0.002
2015-01-22 04:15:00,0.004
2015-01-22 04:30:00,0.006
2015-01-22 04:45:00,0.006
2015-01-22 05:00:00,0.011
2015-01-22 05:15:00,0.009
2015-01-22 05:30:00,0.003
2015-01-22 05:45:00,0.008
2015-01-22 06:00:00,0.005
2015-01-22 06:15:00,0.006
2015-01-22 06:30:00,0.002
2015-01-22 06:45:00,-0.0569999999999999
2015-01-22 07:00:00,0.148
2015-01-22 07:15:00,1.303
2015-01-22 07:30:00,5.142
2015-01-22 07:45:00,11.546
2015-01-22 08:00:00,26.261000000000003
2015-01-22 08:15:00,43.732
2015-01-22 08:30:00,40.15
2015-01-22 08:45:00,60.523
2015-01-22 09:00:00,55.172
2015-01-22 09:15:00,82.022
2015-01-22 09:30:00,83.469
2015-01-22 09:45:00,84.783
2015-01-22 10:00:00,105.459
2015-01-22 10:15:00,113.257
2015-01-22 10:30:00,106.294
2015-01-22 10:45:00,120.885
2015-01-22 11:00:00,118.503
2015-01-22 11:15:00,126.291
2015-01-22 11:30:00,115.637
2015-01-22 11:45:00,121.96
2015-01-22 12:00:00,141.047
2015-01-22 12:15:00,138.168
2015-01-22 12:30:00,133.434
2015-01-22 12:45:00,141.772
2015-01-22 13:00:00,124.575
2015-01-22 13:15:00,74.27000000000001
2015-01-22 13:30:00,63.647000000000006
2015-01-22 13:45:00,54.475
2015-01-22 14:00:00,59.25
2015-01-22 14:15:00,63.854
2015-01-22 14:30:00,52.794
2015-01-22 14:45:00,52.187
2015-01-22 15:00:00,56.57
2015-01-22 15:15:00,61.74
2015-01-22 15:30:00,73.39699999999999
2015-01-22 15:45:00,57.74
2015-01-22 16:00:00,42.063
2015-01-22 16:15:00,32.838
2015-01-22 16:30:00,21.599
2015-01-22 16:45:00,11.69
2015-01-22 17:00:00,2.526
2015-01-22 17:15:00,0.0219999999999999
2015-01-22 17:30:00,-0.236
2015-01-22 17:45:00,0.004
2015-01-22 18:00:00,0.004
2015-01-22 18:15:00,0.005
2015-01-22 18:30:00,0.004
2015-01-22 18:45:00,0.002
2015-01-22 19:00:00,0.003
2015-01-22 19:15:00,0.001
2015-01-22 19:30:00,0.006
2015-01-22 19:45:00,0.006
2015-01-22 20:00:00,0.004
2015-01-22 20:15:00,0.006
2015-01-22 20:30:00,0.006
2015-01-22 20:45:00,0.005
2015-01-22 21:00:00,0.006
2015-01-22 21:15:00,0.005
2015-01-22 21:30:00,0.004
2015-01-22 21:45:00,0.005
2015-01-22 22:00:00,0.002
2015-01-22 22:15:00,0.004
2015-01-22 22:30:00,0.003
2015-01-22 22:45:00,0.004
2015-01-22 23:00:00,0.005
2015-01-22 23:15:00,0.004
2015-01-22 23:30:00,0.004
2015-01-22 23:45:00,0.006
2015-01-23 00:00:00,0.006
2015-01-23 00:15:00,0.012
2015-01-23 00:30:00,0.004
2015-01-23 00:45:00,0.002
2015-01-23 01:00:00,0.002
2015-01-23 01:15:00,0.003
2015-01-23 01:30:00,0.003
2015-01-23 01:45:00,0.004
2015-01-23 02:00:00,0.002
2015-01-23 02:15:00,0.001
2015-01-23 02:30:00,0.001
2015-01-23 02:45:00,0.0
2015-01-23 03:00:00,0.001
2015-01-23 03:15:00,0.002
2015-01-23 03:30:00,0.002
2015-01-23 03:45:00,0.002
2015-01-23 04:00:00,0.002
2015-01-23 04:15:00,0.001
2015-01-23 04:30:00,0.0
2015-01-23 04:45:00,0.007
2015-01-23 05:00:00,0.008
2015-01-23 05:15:00,0.006
2015-01-23 05:30:00,0.004
2015-01-23 05:45:00,0.004
2015-01-23 06:00:00,0.002
2015-01-23 06:15:00,0.003
2015-01-23 06:30:00,0.002
2015-01-23 06:45:00,-0.06
2015-01-23 07:00:00,-0.224
2015-01-23 07:15:00,0.0819999999999999
2015-01-23 07:30:00,2.161
2015-01-23 07:45:00,11.159
2015-01-23 08:00:00,21.151
2015-01-23 08:15:00,33.836
2015-01-23 08:30:00,45.607
2015-01-23 08:45:00,59.014
2015-01-23 09:00:00,71.857
2015-01-23 09:15:00,82.555
2015-01-23 09:30:00,92.403
2015-01-23 09:45:00,101.394
2015-01-23 10:00:00,109.596
2015-01-23 10:15:00,115.867
2015-01-23 10:30:00,121.987
2015-01-23 10:45:00,127.61
2015-01-23 11:00:00,132.842
2015-01-23 11:15:00,137.325
2015-01-23 11:30:00,139.192
2015-01-23 11:45:00,139.577
2015-01-23 12:00:00,141.361
2015-01-23 12:15:00,141.541
2015-01-23 12:30:00,140.974
2015-01-23 12:45:00,138.523
2015-01-23 13:00:00,135.391
2015-01-23 13:15:00,131.847
2015-01-23 13:30:00,127.365
2015-01-23 13:45:00,122.747
2015-01-23 14:00:00,117.399
2015-01-23 14:15:00,111.572
2015-01-23 14:30:00,104.747
2015-01-23 14:45:00,95.903
2015-01-23 15:00:00,86.082
2015-01-23 15:15:00,74.97200000000001
2015-01-23 15:30:00,62.279
2015-01-23 15:45:00,47.484
2015-01-23 16:00:00,33.522
2015-01-23 16:15:00,21.604
2015-01-23 16:30:00,11.493
2015-01-23 16:45:00,3.762000000000001
2015-01-23 17:00:00,0.522
2015-01-23 17:15:00,-0.146
2015-01-23 17:30:00,-0.255
2015-01-23 17:45:00,0.002
2015-01-23 18:00:00,0.001
2015-01-23 18:15:00,0.002
2015-01-23 18:30:00,0.005
2015-01-23 18:45:00,0.001
2015-01-23 19:00:00,0.004
2015-01-23 19:15:00,0.001
2015-01-23 19:30:00,0.006
2015-01-23 19:45:00,0.004
2015-01-23 20:00:00,0.004
2015-01-23 20:15:00,0.002
2015-01-23 20:30:00,0.0
2015-01-23 20:45:00,0.001
2015-01-23 21:00:00,0.001
2015-01-23 21:15:00,0.0
2015-01-23 21:30:00,0.001
2015-01-23 21:45:00,0.002
2015-01-23 22:00:00,0.002
2015-01-23 22:15:00,0.001
2015-01-23 22:30:00,0.002
2015-01-23 22:45:00,0.002
2015-01-23 23:00:00,0.001
2015-01-23 23:15:00,0.001
2015-01-23 23:30:00,0.002
2015-01-23 23:45:00,0.001
2015-01-24 00:00:00,0.0
2015-01-24 00:15:00,0.001
2015-01-24 00:30:00,0.003
2015-01-24 00:45:00,0.005
2015-01-24 01:00:00,0.002
2015-01-24 01:15:00,0.004
2015-01-24 01:30:00,0.003
2015-01-24 01:45:00,0.005
2015-01-24 02:00:00,0.003
2015-01-24 02:15:00,0.004
2015-01-24 02:30:00,0.002
2015-01-24 02:45:00,0.004
2015-01-24 03:00:00,0.004
2015-01-24 03:15:00,0.001
2015-01-24 03:30:00,0.001
2015-01-24 03:45:00,0.002
2015-01-24 04:00:00,0.003
2015-01-24 04:15:00,0.003
2015-01-24 04:30:00,0.008
2015-01-24 04:45:00,0.009
2015-01-24 05:00:00,0.011
2015-01-24 05:15:00,0.009
2015-01-24 05:30:00,0.011
2015-01-24 05:45:00,0.012
2015-01-24 06:00:00,0.01
2015-01-24 06:15:00,0.004
2015-01-24 06:30:00,0.001
2015-01-24 06:45:00,-0.066
2015-01-24 07:00:00,-0.157
2015-01-24 07:15:00,0.356
2015-01-24 07:30:00,2.614
2015-01-24 07:45:00,11.208
2015-01-24 08:00:00,21.034
2015-01-24 08:15:00,33.408
2015-01-24 08:30:00,45.109
2015-01-24 08:45:00,58.159
2015-01-24 09:00:00,70.486
2015-01-24 09:15:00,81.26
2015-01-24 09:30:00,91.44
2015-01-24 09:45:00,100.256
2015-01-24 10:00:00,108.251
2015-01-24 10:15:00,114.928
2015-01-24 10:30:00,120.778
2015-01-24 10:45:00,125.567
2015-01-24 11:00:00,129.82
2015-01-24 11:15:00,133.032
2015-01-24 11:30:00,135.359
2015-01-24 11:45:00,137.077
2015-01-24 12:00:00,138.183
2015-01-24 12:15:00,138.245
2015-01-24 12:30:00,137.876
2015-01-24 12:45:00,136.252
2015-01-24 13:00:00,134.168
2015-01-24 13:15:00,131.153
2015-01-24 13:30:00,126.805
2015-01-24 13:45:00,121.661
2015-01-24 14:00:00,115.327
2015-01-24 14:15:00,108.883
2015-01-24 14:30:00,102.437
2015-01-24 14:45:00,93.932
2015-01-24 15:00:00,84.64
2015-01-24 15:15:00,74.587
2015-01-24 15:30:00,62.606
2015-01-24 15:45:00,48.114
2015-01-24 16:00:00,34.263
2015-01-24 16:15:00,22.274
2015-01-24 16:30:00,12.143
2015-01-24 16:45:00,4.186
2015-01-24 17:00:00,0.634
2015-01-24 17:15:00,-0.056
2015-01-24 17:30:00,-0.24
2015-01-24 17:45:00,0.003
2015-01-24 18:00:00,0.002
2015-01-24 18:15:00,0.001
2015-01-24 18:30:00,0.002
2015-01-24 18:45:00,0.002
2015-01-24 19:00:00,0.003
2015-01-24 19:15:00,0.002
2015-01-24 19:30:00,0.002
2015-01-24 19:45:00,0.003
2015-01-24 20:00:00,0.002
2015-01-24 20:15:00,0.002
2015-01-24 20:30:00,0.001
2015-01-24 20:45:00,0.004
2015-01-24 21:00:00,0.002
2015-01-24 21:15:00,0.001
2015-01-24 21:30:00,0.002
2015-01-24 21:45:00,0.005
2015-01-24 22:00:00,0.003
2015-01-24 22:15:00,0.003
2015-01-24 22:30:00,0.004
2015-01-24 22:45:00,0.003
2015-01-24 23:00:00,0.001
2015-01-24 23:15:00,0.003
2015-01-24 23:30:00,0.002
2015-01-24 23:45:00,0.0
2015-01-25 00:00:00,0.002
2015-01-25 00:15:00,0.002
2015-01-25 00:30:00,0.002
2015-01-25 00:45:00,0.003
2015-01-25 01:00:00,0.003
2015-01-25 01:15:00,0.001
2015-01-25 01:30:00,0.001
2015-01-25 01:45:00,0.004
2015-01-25 02:00:00,0.005
2015-01-25 02:15:00,0.003
2015-01-25 02:30:00,0.001
2015-01-25 02:45:00,0.002
2015-01-25 03:00:00,0.001
2015-01-25 03:15:00,0.002
2015-01-25 03:30:00,0.003
2015-01-25 03:45:00,0.003
2015-01-25 04:00:00,0.002
2015-01-25 04:15:00,0.002
2015-01-25 04:30:00,0.003
2015-01-25 04:45:00,0.003
2015-01-25 05:00:00,0.001
2015-01-25 05:15:00,0.01
2015-01-25 05:30:00,0.01
2015-01-25 05:45:00,0.011
2015-01-25 06:00:00,0.011
2015-01-25 06:15:00,0.008
2015-01-25 06:30:00,0.006
2015-01-25 06:45:00,-0.032
2015-01-25 07:00:00,0.088
2015-01-25 07:15:00,3.172
2015-01-25 07:30:00,8.804
2015-01-25 07:45:00,11.959
2015-01-25 08:00:00,23.963
2015-01-25 08:15:00,37.11
2015-01-25 08:30:00,58.574
2015-01-25 08:45:00,60.30199999999999
2015-01-25 09:00:00,55.70400000000001
2015-01-25 09:15:00,50.707
2015-01-25 09:30:00,45.362
2015-01-25 09:45:00,74.176
2015-01-25 10:00:00,72.859
2015-01-25 10:15:00,124.822
2015-01-25 10:30:00,125.935
2015-01-25 10:45:00,127.715
2015-01-25 11:00:00,110.761
2015-01-25 11:15:00,95.921
2015-01-25 11:30:00,118.046
2015-01-25 11:45:00,135.563
2015-01-25 12:00:00,123.923
2015-01-25 12:15:00,115.474
2015-01-25 12:30:00,134.567
2015-01-25 12:45:00,121.666
2015-01-25 13:00:00,98.091
2015-01-25 13:15:00,90.832
2015-01-25 13:30:00,85.277
2015-01-25 13:45:00,92.135
2015-01-25 14:00:00,53.692
2015-01-25 14:15:00,44.34
2015-01-25 14:30:00,47.553
2015-01-25 14:45:00,45.354
2015-01-25 15:00:00,43.038
2015-01-25 15:15:00,33.066
2015-01-25 15:30:00,20.305
2015-01-25 15:45:00,14.016
2015-01-25 16:00:00,10.295
2015-01-25 16:15:00,6.618
2015-01-25 16:30:00,2.88
2015-01-25 16:45:00,0.3959999999999999
2015-01-25 17:00:00,-0.264
2015-01-25 17:15:00,-0.409
2015-01-25 17:30:00,-0.144
2015-01-25 17:45:00,0.0
2015-01-25 18:00:00,0.003
2015-01-25 18:15:00,0.009
2015-01-25 18:30:00,0.01
2015-01-25 18:45:00,0.009
2015-01-25 19:00:00,0.01
2015-01-25 19:15:00,0.01
2015-01-25 19:30:00,0.011
2015-01-25 19:45:00,0.008
2015-01-25 20:00:00,0.01
2015-01-25 20:15:00,0.01
2015-01-25 20:30:00,0.009
2015-01-25 20:45:00,0.012
2015-01-25 21:00:00,0.011
2015-01-25 21:15:00,0.011
2015-01-25 21:30:00,0.009
2015-01-25 21:45:00,0.011
2015-01-25 22:00:00,0.009
2015-01-25 22:15:00,0.01
2015-01-25 22:30:00,0.007
2015-01-25 22:45:00,0.008
2015-01-25 23:00:00,0.01
2015-01-25 23:15:00,0.014
2015-01-25 23:30:00,0.011
2015-01-25 23:45:00,0.009
2015-01-26 00:00:00,0.01
2015-01-26 00:15:00,0.008
2015-01-26 00:30:00,0.002
2015-01-26 00:45:00,0.005
2015-01-26 01:00:00,0.004
2015-01-26 01:15:00,0.001
2015-01-26 01:30:00,0.001
2015-01-26 01:45:00,0.001
2015-01-26 02:00:00,0.001
2015-01-26 02:15:00,0.0
2015-01-26 02:30:00,0.002
2015-01-26 02:45:00,0.002
2015-01-26 03:00:00,0.001
2015-01-26 03:15:00,0.002
2015-01-26 03:30:00,0.002
2015-01-26 03:45:00,0.0
2015-01-26 04:00:00,0.001
2015-01-26 04:15:00,0.002
2015-01-26 04:30:00,0.0
2015-01-26 04:45:00,0.001
2015-01-26 05:00:00,0.004
2015-01-26 05:15:00,0.002
2015-01-26 05:30:00,0.0
2015-01-26 05:45:00,0.002
2015-01-26 06:00:00,0.001
2015-01-26 06:15:00,0.002
2015-01-26 06:30:00,0.001
2015-01-26 06:45:00,-0.0349999999999999
2015-01-26 07:00:00,-0.17
2015-01-26 07:15:00,0.7150000000000001
2015-01-26 07:30:00,2.4530000000000003
2015-01-26 07:45:00,5.237
2015-01-26 08:00:00,8.859
2015-01-26 08:15:00,15.127
2015-01-26 08:30:00,20.143
2015-01-26 08:45:00,26.448
2015-01-26 09:00:00,20.808
2015-01-26 09:15:00,18.971
2015-01-26 09:30:00,15.578
2015-01-26 09:45:00,9.009
2015-01-26 10:00:00,13.694
2015-01-26 10:15:00,32.024
2015-01-26 10:30:00,43.508
2015-01-26 10:45:00,39.401
2015-01-26 11:00:00,31.662
2015-01-26 11:15:00,33.702
2015-01-26 11:30:00,43.236
2015-01-26 11:45:00,37.653
2015-01-26 12:00:00,29.172
2015-01-26 12:15:00,36.347
2015-01-26 12:30:00,46.855
2015-01-26 12:45:00,34.489999999999995
2015-01-26 13:00:00,19.822
2015-01-26 13:15:00,22.858
2015-01-26 13:30:00,18.651
2015-01-26 13:45:00,14.79
2015-01-26 14:00:00,17.339
2015-01-26 14:15:00,38.907
2015-01-26 14:30:00,39.063
2015-01-26 14:45:00,40.413
2015-01-26 15:00:00,41.863
2015-01-26 15:15:00,41.703
2015-01-26 15:30:00,22.495
2015-01-26 15:45:00,12.010000000000002
2015-01-26 16:00:00,6.97
2015-01-26 16:15:00,5.567
2015-01-26 16:30:00,11.989
2015-01-26 16:45:00,9.191
2015-01-26 17:00:00,0.484
2015-01-26 17:15:00,-0.429
2015-01-26 17:30:00,-0.399
2015-01-26 17:45:00,-0.003
2015-01-26 18:00:00,-0.004
2015-01-26 18:15:00,-0.005
2015-01-26 18:30:00,-0.003
2015-01-26 18:45:00,-0.003
2015-01-26 19:00:00,-0.003
2015-01-26 19:15:00,-0.001
2015-01-26 19:30:00,-0.001
2015-01-26 19:45:00,-0.003
2015-01-26 20:00:00,-0.008
2015-01-26 20:15:00,-0.004
2015-01-26 20:30:00,-0.005
2015-01-26 20:45:00,-0.002
2015-01-26 21:00:00,-0.002
2015-01-26 21:15:00,-0.005
2015-01-26 21:30:00,-0.005
2015-01-26 21:45:00,-0.007
2015-01-26 22:00:00,-0.006
2015-01-26 22:15:00,-0.004
2015-01-26 22:30:00,-0.003
2015-01-26 22:45:00,-0.001
2015-01-26 23:00:00,-0.003
2015-01-26 23:15:00,-0.004
2015-01-26 23:30:00,-0.004
2015-01-26 23:45:00,-0.003
2015-01-27 00:00:00,-0.002
2015-01-27 00:15:00,-0.013
2015-01-27 00:30:00,-0.006
2015-01-27 00:45:00,-0.01
2015-01-27 01:00:00,-0.007
2015-01-27 01:15:00,-0.005
2015-01-27 01:30:00,-0.002
2015-01-27 01:45:00,-0.004
2015-01-27 02:00:00,-0.006
2015-01-27 02:15:00,-0.008
2015-01-27 02:30:00,-0.006
2015-01-27 02:45:00,-0.004
2015-01-27 03:00:00,-0.007
2015-01-27 03:15:00,-0.005
2015-01-27 03:30:00,-0.006
2015-01-27 03:45:00,-0.01
2015-01-27 04:00:00,-0.008
2015-01-27 04:15:00,-0.007
2015-01-27 04:30:00,-0.008
2015-01-27 04:45:00,-0.011
2015-01-27 05:00:00,-0.011
2015-01-27 05:15:00,-0.007
2015-01-27 05:30:00,-0.006
2015-01-27 05:45:00,-0.005
2015-01-27 06:00:00,-0.004
2015-01-27 06:15:00,-0.007
2015-01-27 06:30:00,-0.002
2015-01-27 06:45:00,-0.085
2015-01-27 07:00:00,-0.277
2015-01-27 07:15:00,1.029
2015-01-27 07:30:00,7.138
2015-01-27 07:45:00,15.119
2015-01-27 08:00:00,34.741
2015-01-27 08:15:00,53.919
2015-01-27 08:30:00,74.231
2015-01-27 08:45:00,95.608
2015-01-27 09:00:00,117.328
2015-01-27 09:15:00,146.04
2015-01-27 09:30:00,156.518
2015-01-27 09:45:00,145.276
2015-01-27 10:00:00,177.97699999999998
2015-01-27 10:15:00,195.634
2015-01-27 10:30:00,205.146
2015-01-27 10:45:00,213.67200000000005
2015-01-27 11:00:00,221.412
2015-01-27 11:15:00,226.709
2015-01-27 11:30:00,234.11
2015-01-27 11:45:00,237.943
2015-01-27 12:00:00,242.178
2015-01-27 12:15:00,231.864
2015-01-27 12:30:00,224.013
2015-01-27 12:45:00,241.331
2015-01-27 13:00:00,237.302
2015-01-27 13:15:00,228.865
2015-01-27 13:30:00,218.129
2015-01-27 13:45:00,207.29
2015-01-27 14:00:00,191.961
2015-01-27 14:15:00,197.436
2015-01-27 14:30:00,188.658
2015-01-27 14:45:00,178.371
2015-01-27 15:00:00,160.40800000000002
2015-01-27 15:15:00,143.15300000000002
2015-01-27 15:30:00,121.665
2015-01-27 15:45:00,80.762
2015-01-27 16:00:00,38.901
2015-01-27 16:15:00,43.505
2015-01-27 16:30:00,31.574
2015-01-27 16:45:00,20.858
2015-01-27 17:00:00,4.425
2015-01-27 17:15:00,0.382
2015-01-27 17:30:00,-0.3919999999999999
2015-01-27 17:45:00,-0.01
2015-01-27 18:00:00,-0.008
2015-01-27 18:15:00,-0.008
2015-01-27 18:30:00,-0.01
2015-01-27 18:45:00,-0.008
2015-01-27 19:00:00,-0.009
2015-01-27 19:15:00,-0.011
2015-01-27 19:30:00,-0.013
2015-01-27 19:45:00,-0.01
2015-01-27 20:00:00,-0.011
2015-01-27 20:15:00,-0.008
2015-01-27 20:30:00,-0.007
2015-01-27 20:45:00,-0.011
2015-01-27 21:00:00,-0.01
2015-01-27 21:15:00,-0.009
2015-01-27 21:30:00,-0.008
2015-01-27 21:45:00,-0.009
2015-01-27 22:00:00,-0.009
2015-01-27 22:15:00,-0.009
2015-01-27 22:30:00,-0.005
2015-01-27 22:45:00,-0.005
2015-01-27 23:00:00,-0.008
2015-01-27 23:15:00,-0.007
2015-01-27 23:30:00,-0.009
2015-01-27 23:45:00,-0.01
2015-01-28 00:00:00,-0.008
2015-01-28 00:15:00,-0.016
2015-01-28 00:30:00,-0.01
2015-01-28 00:45:00,-0.01
2015-01-28 01:00:00,-0.012
2015-01-28 01:15:00,-0.006
2015-01-28 01:30:00,-0.006
2015-01-28 01:45:00,-0.006
2015-01-28 02:00:00,-0.005
2015-01-28 02:15:00,-0.006
2015-01-28 02:30:00,-0.005
2015-01-28 02:45:00,-0.003
2015-01-28 03:00:00,-0.004
2015-01-28 03:15:00,-0.004
2015-01-28 03:30:00,-0.006
2015-01-28 03:45:00,-0.006
2015-01-28 04:00:00,-0.008
2015-01-28 04:15:00,-0.006
2015-01-28 04:30:00,-0.006
2015-01-28 04:45:00,-0.006
2015-01-28 05:00:00,-0.007
2015-01-28 05:15:00,-0.008
2015-01-28 05:30:00,-0.004
2015-01-28 05:45:00,-0.002
2015-01-28 06:00:00,-0.004
2015-01-28 06:15:00,-0.006
2015-01-28 06:30:00,-0.004
2015-01-28 06:45:00,-0.079
2015-01-28 07:00:00,-0.15
2015-01-28 07:15:00,3.448
2015-01-28 07:30:00,10.971
2015-01-28 07:45:00,22.916
2015-01-28 08:00:00,32.846
2015-01-28 08:15:00,46.473
2015-01-28 08:30:00,56.952
2015-01-28 08:45:00,81.23400000000001
2015-01-28 09:00:00,96.269
2015-01-28 09:15:00,133.253
2015-01-28 09:30:00,156.884
2015-01-28 09:45:00,167.442
2015-01-28 10:00:00,159.617
2015-01-28 10:15:00,138.49599999999998
2015-01-28 10:30:00,169.38299999999998
2015-01-28 10:45:00,217.426
2015-01-28 11:00:00,216.175
2015-01-28 11:15:00,145.865
2015-01-28 11:30:00,109.67
2015-01-28 11:45:00,209.151
2015-01-28 12:00:00,239.588
2015-01-28 12:15:00,189.838
2015-01-28 12:30:00,159.321
2015-01-28 12:45:00,134.728
2015-01-28 13:00:00,115.299
2015-01-28 13:15:00,100.477
2015-01-28 13:30:00,94.543
2015-01-28 13:45:00,93.723
2015-01-28 14:00:00,101.581
2015-01-28 14:15:00,97.786
2015-01-28 14:30:00,98.688
2015-01-28 14:45:00,94.946
2015-01-28 15:00:00,73.53
2015-01-28 15:15:00,59.588
2015-01-28 15:30:00,51.33
2015-01-28 15:45:00,45.375
2015-01-28 16:00:00,36.954
2015-01-28 16:15:00,27.608
2015-01-28 16:30:00,16.274
2015-01-28 16:45:00,5.786
2015-01-28 17:00:00,2.632
2015-01-28 17:15:00,0.086
2015-01-28 17:30:00,-0.267
2015-01-28 17:45:00,-0.009
2015-01-28 18:00:00,-0.007
2015-01-28 18:15:00,-0.01
2015-01-28 18:30:00,-0.01
2015-01-28 18:45:00,-0.01
2015-01-28 19:00:00,-0.008
2015-01-28 19:15:00,-0.009
2015-01-28 19:30:00,-0.009
2015-01-28 19:45:00,-0.005
2015-01-28 20:00:00,-0.008
2015-01-28 20:15:00,-0.009
2015-01-28 20:30:00,-0.007
2015-01-28 20:45:00,-0.012
2015-01-28 21:00:00,-0.011
2015-01-28 21:15:00,-0.013
2015-01-28 21:30:00,-0.009
2015-01-28 21:45:00,-0.005
2015-01-28 22:00:00,-0.004
2015-01-28 22:15:00,-0.009
2015-01-28 22:30:00,-0.007
2015-01-28 22:45:00,-0.008
2015-01-28 23:00:00,-0.01
2015-01-28 23:15:00,-0.009
2015-01-28 23:30:00,-0.01
2015-01-28 23:45:00,-0.011
2015-01-29 00:00:00,-0.011
2015-01-29 00:15:00,-0.014
2015-01-29 00:30:00,-0.011
2015-01-29 00:45:00,-0.009
2015-01-29 01:00:00,-0.007
2015-01-29 01:15:00,-0.005
2015-01-29 01:30:00,-0.006
2015-01-29 01:45:00,-0.006
2015-01-29 02:00:00,-0.007
2015-01-29 02:15:00,-0.008
2015-01-29 02:30:00,-0.008
2015-01-29 02:45:00,-0.008
2015-01-29 03:00:00,-0.008
2015-01-29 03:15:00,-0.008
2015-01-29 03:30:00,-0.005
2015-01-29 03:45:00,-0.005
2015-01-29 04:00:00,-0.009
2015-01-29 04:15:00,-0.011
2015-01-29 04:30:00,-0.007
2015-01-29 04:45:00,-0.011
2015-01-29 05:00:00,-0.009
2015-01-29 05:15:00,-0.009
2015-01-29 05:30:00,-0.006
2015-01-29 05:45:00,-0.008
2015-01-29 06:00:00,-0.008
2015-01-29 06:15:00,-0.007
2015-01-29 06:30:00,-0.007
2015-01-29 06:45:00,-0.01
2015-01-29 07:00:00,-0.175
2015-01-29 07:15:00,-0.073
2015-01-29 07:30:00,1.212
2015-01-29 07:45:00,4.763
2015-01-29 08:00:00,8.399
2015-01-29 08:15:00,14.437
2015-01-29 08:30:00,31.401
2015-01-29 08:45:00,43.628
2015-01-29 09:00:00,48.735
2015-01-29 09:15:00,55.694
2015-01-29 09:30:00,68.50399999999999
2015-01-29 09:45:00,100.774
2015-01-29 10:00:00,111.219
2015-01-29 10:15:00,99.056
2015-01-29 10:30:00,84.573
2015-01-29 10:45:00,71.037
2015-01-29 11:00:00,63.616
2015-01-29 11:15:00,65.72200000000001
2015-01-29 11:30:00,59.753
2015-01-29 11:45:00,59.73
2015-01-29 12:00:00,73.376
2015-01-29 12:15:00,99.037
2015-01-29 12:30:00,115.8
2015-01-29 12:45:00,107.651
2015-01-29 13:00:00,88.2
2015-01-29 13:15:00,87.78399999999999
2015-01-29 13:30:00,74.786
2015-01-29 13:45:00,68.986
2015-01-29 14:00:00,63.612
2015-01-29 14:15:00,45.662
2015-01-29 14:30:00,34.606
2015-01-29 14:45:00,24.526
2015-01-29 15:00:00,16.58
2015-01-29 15:15:00,17.536
2015-01-29 15:30:00,23.392
2015-01-29 15:45:00,23.547
2015-01-29 16:00:00,19.972
2015-01-29 16:15:00,11.948
2015-01-29 16:30:00,6.017
2015-01-29 16:45:00,2.19
2015-01-29 17:00:00,0.372
2015-01-29 17:15:00,-0.399
2015-01-29 17:30:00,-0.183
2015-01-29 17:45:00,-0.012
2015-01-29 18:00:00,-0.009
2015-01-29 18:15:00,-0.006
2015-01-29 18:30:00,-0.011
2015-01-29 18:45:00,-0.012
2015-01-29 19:00:00,-0.01
2015-01-29 19:15:00,-0.011
2015-01-29 19:30:00,-0.009
2015-01-29 19:45:00,-0.007
2015-01-29 20:00:00,-0.009
2015-01-29 20:15:00,-0.004
2015-01-29 20:30:00,-0.007
2015-01-29 20:45:00,-0.004
2015-01-29 21:00:00,-0.005
2015-01-29 21:15:00,-0.006
2015-01-29 21:30:00,-0.009
2015-01-29 21:45:00,-0.007
2015-01-29 22:00:00,-0.012
2015-01-29 22:15:00,-0.007
2015-01-29 22:30:00,-0.007
2015-01-29 22:45:00,-0.01
2015-01-29 23:00:00,-0.006
2015-01-29 23:15:00,-0.008
2015-01-29 23:30:00,-0.007
2015-01-29 23:45:00,-0.003
